Date,Open,High,Low,Close,Volume,Dividends,Stock Splits
2019-11-27,301.04891549392994,301.8814392089844,300.81926989095587,301.8814392089844,44444600,0.0,0
2019-11-29,301.2881522678997,301.54653278441947,300.52264742386143,300.7618713378906,36592700,0.0,0
2019-12-02,301.02976401514786,301.09675371136905,297.7571976259916,298.2069396972656,75767800,0.0,0
2019-12-03,295.34580059264533,296.2931470283203,293.89132989440355,296.2070007324219,73941700,0.0,0
2019-12-04,297.3074472371349,298.66622251087904,296.94382227026057,298.03466796875,49080000,0.0,0
2019-12-05,298.77152574353715,298.79065314289886,297.19262463103286,298.570556640625,40709000,0.0,0
2019-12-06,300.5799968628907,301.71870479509755,300.57041856361997,301.29766845703125,48927000,0.0,0
2019-12-09,300.88623147273756,301.5943248171562,300.2738043191931,300.3503723144531,34838500,0.0,0
2019-12-10,300.2929803091114,300.99149539869234,299.326506420952,300.0154724121094,52649800,0.0,0
2019-12-11,300.49395364470286,301.13508660867944,299.9293886894508,300.8671569824219,53429100,0.0,0
2019-12-12,300.87663665457524,304.28318220327753,300.62786368897275,303.46026611328125,96389600,0.0,0
2019-12-13,303.21141423536267,304.93384332615943,302.39804737599707,303.64202880859375,81503900,0.0,0
2019-12-16,305.4601588279114,306.35006456491607,303.5750736720126,305.72808837890625,82749700,0.0,0
2019-12-17,306.1300242492216,306.44578691841895,305.7089878888695,305.79510498046875,61097700,0.0,0
2019-12-18,306.206570174245,306.4457940571936,305.75682810621623,305.8142395019531,48133000,0.0,0
2019-12-19,306.01521899694797,307.14437806424326,305.7472893814507,307.06781005859375,85310500,0.0,0
2019-12-20,308.1543506643141,309.60637616275505,307.12546089065125,308.41400146484375,147142100,1.57,0
2019-12-23,309.24101077423586,309.2987044396944,308.73136383221265,308.8852233886719,52990000,0.0,0
2019-12-24,309.125641618762,309.17370989423375,308.5775224189691,308.8948669433594,20270000,0.0,0
2019-12-26,309.2986816453759,310.54877944483803,309.2890855989799,310.5391540527344,30911200,0.0,0
2019-12-27,311.3084320898398,311.3661257528362,309.90450404741324,310.46221923828125,42528800,0.0,0
2019-12-30,310.5487661661497,310.69300031299906,308.2409024337342,308.75054931640625,49729100,0.0,0
2019-12-31,308.2217254549926,309.7602917166288,307.8563126664616,309.5006408691406,57077300,0.0,0
2020-01-02,311.116134704069,312.4143008339446,310.1449091183746,312.3950500488281,59151200,0.0,0
2020-01-03,308.82751030040816,311.21228925697824,308.76981663857816,310.0295104980469,77709700,0.0,0
2020-01-06,308.1832466068065,311.29885128974877,308.0582338822887,311.2123107910156,55653900,0.0,0
2020-01-07,310.61603160092244,311.11608239853734,309.8659847502042,310.3371887207031,40496400,0.0,0
2020-01-08,310.5391851782771,313.2701263500443,310.2795636768251,311.9912109375,68296000,0.0,0
2020-01-09,313.63548428896365,314.1836033752168,313.02004615442564,314.1066589355469,48473300,0.0,0
2020-01-10,314.72213403868415,314.8855896371985,312.7123931653886,313.2027893066406,53029300,0.0,0
2020-01-13,313.8567174915705,315.3664075707872,313.4047642033984,315.3568115234375,47086800,0.0,0
2020-01-14,314.8952590396653,316.0010935422994,314.28944614068223,314.87603759765625,62832800,0.0,0
2020-01-15,314.7798447682441,316.3857007371558,314.69330426803725,315.58758544921875,72056600,0.0,0
2020-01-16,317.0395846674256,318.2127380371094,316.79918462729125,318.2127380371094,54050300,0.0,0
2020-01-17,318.9628164888585,319.4243658302453,318.14545040253813,319.2032165527344,95846000,0.0,0
2020-01-21,318.19346031990506,319.4243072473823,318.11654522568386,318.5780944824219,77742400,0.0,0
2020-01-22,319.4820725798421,320.16482991811864,318.4531825670632,318.61663818359375,48914900,0.0,0
2020-01-23,317.933914848775,319.4147875413823,316.7607612980079,318.9820556640625,51963000,0.0,0
2020-01-24,319.6743799137042,319.7609204121352,314.7894343559473,316.1452941894531,87578400,0.0,0
2020-01-27,310.6257139648148,312.6354548777158,310.2699265832274,311.0776672363281,84062500,0.0,0
2020-01-28,312.5777491504483,315.26062184358864,311.17382111797815,314.3374938964844,63834000,0.0,0
2020-01-29,315.7702760721008,316.01067612035035,313.8662971255089,314.0778503417969,53888900,0.0,0
2020-01-30,311.9045876274342,315.3182855162808,311.11609786516556,315.09710693359375,75491800,0.0,0
2020-01-31,314.44326332524827,314.6067482702816,308.41404067548547,309.3756408691406,113845600,0.0,0
2020-02-03,310.93343703755886,313.6355313083751,310.80842431363266,311.6738586425781,69083000,0.0,0
2020-02-04,315.4721889978871,317.3376957592133,315.13562305411403,316.4241638183594,62573200,0.0,0
2020-02-05,319.51087597737137,320.2993951549436,317.9723391912993,320.0782165527344,65951100,0.0,0
2020-02-06,321.08789335228204,321.3571402068226,320.0205019800528,321.15521240234375,50359700,0.0,0
2020-02-07,320.0398215288068,321.1648774554879,318.8666679793016,319.4436340332031,64139400,0.0,0
2020-02-10,318.5108054330364,321.8956271541163,318.4723332129941,321.82830810546875,42070000,0.0,0
2020-02-11,323.25151215262696,324.07847420133373,321.82833335645483,322.3860778808594,54864500,0.0,0
2020-02-12,323.8957953184441,324.6843145567329,323.51116109230895,324.4631652832031,43992700,0.0,0
2020-02-13,322.96301144412513,325.1362371680391,322.6745431381665,324.116943359375,54501900,0.0,0
2020-02-14,324.5496899730136,324.76124318893886,323.2899960700024,324.63623046875,64582200,0.0,0
2020-02-18,323.58806838009775,324.7035280497737,322.3379706065973,323.79962158203125,57226200,0.0,0
2020-02-19,324.8189099970801,326.05935301245205,324.5208163100645,325.3477783203125,48814700,0.0,0
2020-02-20,324.77084298219046,325.63630664095587,320.866748507932,324.0111999511719,74163400,0.0,0
2020-02-21,322.58801344345375,322.91495398305216,319.8089748383041,320.6744384765625,113788200,0.0,0
2020-02-24,310.73147679523413,320.75133360986155,308.9044130910656,310.03912353515625,161088400,0.0,0
2020-02-25,311.5007296196738,312.14498523421196,299.72112873962743,300.6442565917969,218913200,0.0,0
2020-02-26,302.11550277399186,305.8945840039256,298.7691533135887,299.5384216308594,194773800,0.0,0
2020-02-27,293.7304289012562,299.5961967897144,286.0857238769531,286.0857238769531,284353500,0.0,0
2020-02-28,277.6140614947312,286.45117197284134,274.5754005529807,284.8837585449219,384975800,0.0,0
2020-03-02,286.7587637747611,297.2882968346212,283.15276332216615,297.2209777832031,238703600,0.0,0
2020-03-03,297.6152420792937,301.7885831478706,286.1433595002732,288.7108154296875,300139100,0.0,0
2020-03-04,294.36507588178694,301.0770564659354,291.68220285768945,300.84625244140625,176613400,0.0,0
2020-03-05,293.2688630516247,296.6248386278152,288.4897085009806,290.8456115722656,186366800,0.0,0
2020-03-06,281.8930428406948,287.3068557032815,279.08518718753237,286.03753662109375,228667200,0.0,0
2020-03-09,264.7284746831606,273.27711297645993,262.94953811657194,263.6995849609375,309417300,0.0,0
2020-03-10,273.70987919046297,277.4408631003748,262.99763949580927,277.3447265625,276444100,0.0,0
2020-03-11,269.92118654052445,271.11356139198796,260.4782655803544,263.8246154785156,255316300,0.0,0
2020-03-12,246.16963559409123,256.42029659773635,238.1691153943135,238.58261108398438,392220700,0.0,0
2020-03-13,252.9873701470539,261.0552091791295,238.97686413388539,258.9781494140625,329566100,0.0,0
2020-03-16,231.91871630822533,247.03507178622806,228.24541137818906,230.63980102539062,297240000,0.0,0
2020-03-17,235.63050248310154,246.33313189245774,227.96656252046787,243.092529296875,262070500,0.0,0
2020-03-18,227.17804169654846,238.83263114033423,219.26407635240759,230.78404235839844,327597100,0.0,0
2020-03-19,230.062848863756,237.8806632195181,223.3028006017967,231.2744598388672,289322000,0.0,0
2020-03-20,234.58824703294735,236.4647232390239,221.01766674978526,221.30784606933594,347158800,1.406,0
2020-03-23,220.71783357249194,222.15903350700646,211.11298754406525,215.6494140625,326025200,0.0,0
2020-03-24,226.74382896258462,236.1068614709751,226.14413581393148,235.18795776367188,235494500,0.0,0
2020-03-25,236.8516435781477,247.9557376877823,231.8993044479999,238.70877075195312,299430300,0.0,0
2020-03-26,241.34938487110642,254.19451070828455,240.8947740039893,252.6469268798828,257632800,0.0,0
2020-03-27,244.97657603922517,252.26966921029202,242.82926965206335,245.1216583251953,224341200,0.0,0
2020-03-30,247.32703629367418,253.83665661994368,245.22809526006682,253.0821990966797,171369500,0.0,0
2020-03-31,252.02785857831185,254.7071432188645,247.829977117132,249.30987548828125,194881100,0.0,0
2020-04-01,239.85981479895366,249.22284790824327,235.9134138777624,238.08973693847656,189554600,0.0,0
2020-04-02,237.1611699499591,244.40589783123818,236.58081125641533,243.583740234375,177660400,0.0,0
2020-04-03,242.5487485356845,245.02493261087034,237.1901647588334,240.0629119873047,135561200,0.0,0
2020-04-06,249.39692549008964,258.2569812737327,240.04357516786365,256.1870422363281,188061200,0.0,0
2020-04-07,265.23093339892165,266.02408942814725,256.21614099633865,256.4482727050781,201427200,0.0,0
2020-04-08,259.1855205026281,266.96225533623294,256.56426894179634,265.0567626953125,153774500,0.0,0
2020-04-09,268.49051783350814,271.9920042672059,266.4496248042311,269.0902404785156,189999200,0.0,0
2020-04-13,268.0649703735102,268.42284987442974,262.52259055066713,266.6334228515625,114839100,0.0,0
2020-04-14,271.77917909115047,275.57080018773246,266.488295813825,274.4971618652344,134143400,0.0,0
2020-04-15,268.4808311051093,274.6422373740523,266.4399088179612,268.66461181640625,121775000,0.0,0
2020-04-16,270.0091053153669,270.86029405359585,266.7301276968109,269.96075439453125,131798300,0.0,0
2020-04-17,276.0350950938732,277.89220721145557,273.15266604517495,277.25384521484375,146684800,0.0,0
2020-04-20,273.3558519180268,277.39899922450445,272.1371310001497,272.3692626953125,100109300,0.0,0
2020-04-21,267.6683845954322,268.9354858002598,263.1125940314222,264.0992126464844,126385700,0.0,0
2020-04-22,269.2353134723952,271.7985321602891,267.8424645404328,269.96075439453125,92951600,0.0,0
2020-04-23,271.3052388058286,274.6422790507568,269.62222521357,269.94140625,104709700,0.0,0
2020-04-24,271.53742990414906,274.4101776216034,269.3804412382132,273.7040710449219,85063200,0.0,0
2020-04-27,275.78368747361253,278.83053422995727,275.30006006726336,277.6504821777344,77896600,0.0,0
2020-04-28,281.49041261749375,281.857974074774,276.05444669018044,276.3736572265625,105270000,0.0,0
2020-04-29,281.98375336617613,285.22406242124555,280.90043285638734,283.6087341308594,118745600,0.0,0
2020-04-30,282.1578746158027,283.715170111471,279.14004452131013,280.9681701660156,122901700,0.0,0
2020-05-01,275.9673779302424,281.1421953882068,272.30147512478425,273.5299072265625,125180000,0.0,0
2020-05-04,271.54707648227526,274.6036048927903,269.9898105757291,274.284423828125,80873200,0.0,0
2020-05-05,277.2538493386577,279.77836946305746,274.4197711657034,276.8185729980469,79569900,0.0,0
2020-05-06,278.60801119480215,279.01424157899606,274.48749733123543,274.9421081542969,73632600,0.0,0
2020-05-07,278.3275415739424,280.2910674458444,277.7278483793129,278.25982666015625,75250400,0.0,0
2020-05-08,281.55815295358326,283.35726195481357,280.3684191057008,282.86395263671875,76452400,0.0,0
2020-05-11,280.8327233959085,284.3728791065705,280.38779450323847,282.9219970703125,79514200,0.0,0
2020-05-12,284.1697149208033,284.6049617457202,277.13775563840284,277.2828674316406,95870800,0.0,0
2020-05-13,276.69285357985893,277.785856020791,269.8253398904842,272.37890625,144721100,0.0,0
2020-05-14,269.81568762810514,275.77395010177304,264.0508288489008,275.6385498046875,121977900,0.0,0
2020-05-15,273.12370080376667,276.9540210929793,272.12742965849793,276.9056701660156,111146300,0.0,0
2020-05-18,283.45396005548537,287.0328140258789,283.1154445465654,285.3401184082031,119703800,0.0,0
2020-05-19,284.7114029914132,286.51048241389026,282.3899978095883,282.4093322753906,95189300,0.0,0
2020-05-20,286.1332707129763,288.11613089011416,285.89145705633666,287.2069091796875,85861700,0.0,0
2020-05-21,287.07152000912555,287.92270883641453,284.07302464691026,285.22406005859375,78293900,0.0,0
2020-05-22,284.9242097289935,285.94949729795013,283.61841004603343,285.7657165527344,63958200,0.0,0
2020-05-26,292.0431805965867,292.29467624386024,285.78504201879076,289.2864990234375,88951400,0.0,0
2020-05-27,292.22701800796153,293.62954928753317,287.1489302635648,293.5908508300781,104817400,0.0,0
2020-05-28,294.67411397743484,296.7924039559637,292.34302680184885,293.04913330078125,90405200,0.0,0
2020-05-29,292.5558409051275,294.9739775940306,289.66375887104596,294.3549499511719,119090800,0.0,0
2020-06-01,293.67785282215516,296.1830388295371,293.13619257830334,295.5446472167969,55758300,0.0,0
2020-06-02,296.51189238148004,298.04017121351524,295.10939089141766,297.9917907714844,74267200,0.0,0
2020-06-03,300.08107366328295,302.9635031515966,299.79090907511386,301.9575500488281,92567600,0.0,0
2020-06-04,300.9225540341409,302.75067933370997,298.95902844475194,301.16436767578125,75794400,0.0,0
2020-06-05,306.8421940764621,310.74988149253153,306.774479168601,308.8830871582031,150524700,0.0,0
2020-06-08,309.7342698777982,312.81981442008424,309.16359320472816,312.61669921875,73641200,0.0,0
2020-06-09,309.8116696542171,312.6940992965778,308.90244787166944,310.28564453125,77479200,0.0,0
2020-06-10,310.8949989499524,311.8332371301949,307.7997722988948,308.5542297363281,95000800,0.0,0
2020-06-11,301.2611377567465,301.9285458549162,290.18608925711897,290.76641845703125,209243600,0.0,0
2020-06-12,298.14653937721494,298.959029674276,288.82222066671403,294.2485046386719,194678900,0.0,0
2020-06-15,288.26126527559575,298.18530898342686,287.0231803105822,296.9955749511719,135782700,0.0,0
2020-06-16,305.14950621378534,305.3042704992703,297.59524979327625,302.7120056152344,137627500,0.0,0
2020-06-17,303.7856463549819,304.09517489816994,300.68073796820175,301.4545593261719,83398900,0.0,0
2020-06-18,299.85861812010893,302.07360997577143,299.3749908037735,301.5706481933594,80828700,0.0,0
2020-06-19,305.2196847182306,305.4236937673858,297.7973249684987,299.84722900390625,135549600,1.366,0
2020-06-22,299.2157034549795,302.1885251410622,298.01103914113776,301.7707824707031,74649400,0.0,0
2020-06-23,304.55901256915365,305.5402482911427,302.7325669135636,303.1600341796875,68471200,0.0,0
2020-06-24,301.01303899431565,301.66396457020346,293.49355148536677,295.4268493652344,132813500,0.0,0
2020-06-25,294.8244654125441,298.87567961707697,292.6968537987352,298.59393310546875,89468000,0.0,0
2020-06-26,297.4378714342063,297.66132968270904,290.8898954581793,291.5019226074219,127961000,0.0,0
2020-06-29,292.82318816227,295.93200614767767,290.4138297638402,295.7862854003906,79773300,0.0,0
2020-06-30,295.32966580162065,301.36277140615476,295.16452550864676,299.5751647949219,113394800,0.0,0
2020-07-01,300.75072717495243,303.00464025859054,300.264971578384,301.67364501953125,72396500,0.0,0
2020-07-02,305.2876783421001,306.7061060795381,302.63547166846075,303.3349609375,69344200,0.0,0
2020-07-06,307.35695770171947,308.62963485322024,306.57003609348357,308.017578125,61713800,0.0,0
2020-07-07,306.39515233205594,308.4741705120654,304.44240568105494,304.8407287597656,82910000,0.0,0
2020-07-08,305.6470837843791,307.28893986605146,303.79152372934743,307.17236328125,54638600,0.0,0
2020-07-09,307.81355387269423,308.06615623011027,301.82904231790747,305.42364501953125,83354200,0.0,0
2020-07-10,305.3556505975689,308.8239523302292,303.8498202561334,308.5422058105469,57550400,0.0,0
2020-07-13,311.00984634095715,313.516331878593,305.18077986926284,305.87054443359375,102997500,0.0,0
2020-07-14,304.37440301078993,310.6503858003685,303.11145049300166,309.8343200683594,93657000,0.0,0
2020-07-15,313.2249215718364,313.83697835595416,310.17436225041405,312.6808776855469,87196500,0.0,0
2020-07-16,310.67958130940906,312.1271235396277,309.9995115962198,311.6510925292969,54622500,0.0,0
2020-07-17,312.71007183551967,313.3804170254838,310.63102335692406,312.55462646484375,62774900,0.0,0
2020-07-20,312.2728541435075,315.8674576297506,311.4859324024288,315.0805358886719,56308800,0.0,0
2020-07-21,317.149802294469,317.61610863564545,314.711300008795,315.7508239746094,57292200,0.0,0
2020-07-22,315.37192038281376,317.8784355589685,315.2553437975349,317.548095703125,57792900,0.0,0
2020-07-23,317.1692297543341,317.90758767716846,312.32139885654686,313.75921630859375,75738000,0.0,0
2020-07-24,311.8064772431947,312.81682736870647,310.1548966313114,311.73846435546875,73766600,0.0,0
2020-07-27,312.4671416213985,314.19643031403507,311.6316266001015,314.0118408203125,48293000,0.0,0
2020-07-28,313.2443476173245,314.41989751044025,311.7093729737864,312.020263671875,57495000,0.0,0
2020-07-29,312.94313288238806,316.45030316976187,312.9042641391256,315.857666015625,48454200,0.0,0
2020-07-30,312.72940249035895,315.1679047243829,310.5338076681062,314.730712890625,61861700,0.0,0
2020-07-31,316.61544133767836,317.32465506871955,312.17562877869585,317.2177734375,84986800,0.0,0
2020-08-03,318.9665757894844,320.2295285357114,318.39338771861713,319.4231872558594,53077900,0.0,0
2020-08-04,318.519645935127,320.656982421875,318.519645935127,320.656982421875,41917900,0.0,0
2020-08-05,322.02677738146116,322.92058061611255,321.7450308680803,322.6485290527344,42697700,0.0,0
2020-08-06,322.0365451513231,324.9316295695936,321.696510299681,324.8053283691406,43679400,0.0,0
2020-08-07,323.785194619309,325.33961819563035,322.83310313737326,325.0384521484375,57308300,0.0,0
2020-08-10,325.51452958252474,326.2042942103268,323.4743502000642,326.010009765625,44282100,0.0,0
2020-08-11,327.25354675744137,327.92389184317693,322.5514362062514,323.31890869140625,69601100,0.0,0
2020-08-12,325.8836989129594,328.6427869905739,325.8545547647094,327.82672119140625,53774400,0.0,0
2020-08-13,327.0203361969084,328.61362862743374,326.2625587270201,327.23406982421875,41816100,0.0,0
2020-08-14,326.8260622619897,327.80729798908453,326.058560169069,327.2438049316406,47260400,0.0,0
2020-08-17,328.31249986319136,328.7010984165916,327.25355620470384,328.2833557128906,35481000,0.0,0
2020-08-18,328.7010825738088,329.43944054340017,327.0203575923533,328.9925537109375,38733900,0.0,0
2020-08-19,329.3908695994511,329.93491351462563,327.03010443380055,327.62274169921875,68054200,0.0,0
2020-08-20,325.8059661352547,329.1479668744159,325.66996999084165,328.6427917480469,42207800,0.0,0
2020-08-21,328.293038829525,330.04174692294526,327.9335548236805,329.80859375,55106600,0.0,0
2020-08-24,332.37337756797046,333.22831209197136,329.77945949664166,333.1506042480469,48588700,0.0,0
2020-08-25,333.74324870472714,334.4038692197246,332.51913507833746,334.3164367675781,38463400,0.0,0
2020-08-26,334.93820777993284,337.9498687542474,334.3650197348804,337.66815185546875,50790200,0.0,0
2020-08-27,338.5813581615113,339.93174323414036,336.65775542374047,338.4064636230469,58034100,0.0,0
2020-08-28,339.48486937995466,340.7284025054129,338.23161165527483,340.5923767089844,48588900,0.0,0
2020-08-31,340.36890029535624,341.2918179985298,339.1156427467409,339.3585205078125,66099200,0.0,0
2020-09-01,340.23288387946207,342.6616615570052,339.29051695464875,342.5548095703125,54908700,0.0,0
2020-09-02,344.5659046473071,348.52965746259275,343.3612105485622,347.50958251953125,69540000,0.0,0
2020-09-03,345.7317121396987,346.227192376574,332.83004361418136,335.55029296875,148011100,0.0,0
2020-09-04,336.2691855039411,337.92073679975425,325.3299596083558,332.81060791015625,139156300,0.0,0
2020-09-08,327.11751316847835,332.87859685851174,323.39663848467694,323.71722412109375,114465300,0.0,0
2020-09-09,327.9335666592114,332.7036898156456,327.0203438346626,330.1097717285156,91462300,0.0,0
2020-09-10,332.08194487429097,332.77170948196306,323.3674887656101,324.37786865234375,90569500,0.0,0
2020-09-11,326.25286830981804,327.3701001574863,321.5701776406987,324.5429992675781,84680200,0.0,0
2020-09-14,327.8752904637074,330.6829719349201,324.69845965777375,328.8176574707031,65605700,0.0,0
2020-09-15,331.40186062423095,332.27621468179035,328.82736214713026,330.47894287109375,52920900,0.0,0
2020-09-16,331.780817594343,333.2866481776555,328.8759787862861,329.1674499511719,82096000,0.0,0
2020-09-17,324.0572640640352,328.0793345460391,323.5034955805997,326.2723083496094,91523300,0.0,0
2020-09-18,327.11991117159687,327.23695441531845,319.9019567292429,322.5160217285156,105877900,1.339,0
2020-09-21,317.68779688610175,319.0826117639208,313.8154576347338,318.9265441894531,99450800,0.0,0
2020-09-22,320.4872289199028,322.7598981329182,317.84387312671373,322.1746520996094,63612100,0.0,0
2020-09-23,322.75987886037143,323.0525167429768,314.1763701072106,314.7030944824219,93112200,0.0,0
2020-09-24,313.3179898209657,318.76070873450254,311.9329087207673,315.5419006347656,76681300,0.0,0
2020-09-25,314.6445756514744,321.47237688292773,313.7277268716108,320.643310546875,71069400,0.0,0
2020-09-28,325.02282433008247,326.72001098818095,323.9791390732029,325.9689636230469,64584600,0.0,0
2020-09-29,325.7543716950307,326.534679866153,323.4621755129421,324.1937255859375,51304000,0.0,0
2020-09-30,324.8959954678626,329.9680875781721,324.6911697943586,326.6517333984375,104081100,0.0,0
2020-10-01,329.38290556237826,330.40706389562087,326.7688400938932,328.7489013671875,88698700,0.0,0
2020-10-02,323.54019243434027,328.7195640614387,323.04272890813843,325.6275329589844,89431100,0.0,0
2020-10-05,327.7929547499711,331.59700918109263,327.7441966517812,331.4019470214844,45713100,0.0,0
2020-10-06,331.5482378768308,333.752651537225,326.15427673716556,326.69073486328125,90128900,0.0,0
2020-10-07,329.80227928398006,333.22594318356977,329.77301847145577,332.3773498535156,56999600,0.0,0
2020-10-08,334.415913660465,335.39131371211175,333.45024736787855,335.3230285644531,45242500,0.0,0
2020-10-09,337.05929132303885,338.80526601882593,336.4057898573273,338.31756591796875,59528600,0.0,0
2020-10-12,340.99015143524895,345.3111671656638,340.4731905213037,343.7602844238281,80388500,0.0,0
2020-10-13,343.6139192838987,343.7992476698172,340.5023908258113,341.5168151855469,73255500,0.0,0
2020-10-14,342.1216072842925,343.2725723329653,338.60042698279767,339.3709716796875,57727900,0.0,0
2020-10-15,335.25473315109826,339.45870486361997,334.6890142358786,338.9515075683594,60357700,0.0,0
2020-10-16,340.37557491094077,342.12154924178816,338.56134520304744,338.7466735839844,89501900,0.0,0
2020-10-19,340.07326024385117,340.73652520941295,332.65047930532006,333.59661865234375,68425600,0.0,0
2020-10-20,335.01088023177635,338.3467613746595,334.211074843677,334.932861328125,60051900,0.0,0
2020-10-21,334.8841359814794,337.1665986334918,333.97702094382294,334.2989196777344,63575000,0.0,0
2020-10-22,334.52319473855994,336.7471056746853,332.2700229914401,336.1325988769531,55399300,0.0,0
2020-10-23,337.42013828530537,337.47865990802126,334.6890300024044,337.2738342285156,49143900,0.0,0
2020-10-26,333.7136635898731,334.5427596844267,327.3637989831816,331.04107666015625,91473000,0.0,0
2020-10-27,331.4019658806178,331.7530956480037,329.6754885570858,329.89984130859375,65994100,0.0,0
2020-10-28,323.9303855733155,329.92909035364835,318.1072456704131,318.62420654296875,127094300,0.0,0
2020-10-29,318.86806325507314,325.1984006366066,317.0928278566987,321.862548828125,90597700,0.0,0
2020-10-30,320.20429699710326,321.5796145097995,314.6640323801292,318.5071105957031,120287300,0.0,0
2020-11-02,322.0771484375,324.1839866124666,319.18994249861066,322.0771484375,86068300,0.0,0
2020-11-03,325.48123936996393,329.9290611387798,322.1648852113692,327.763671875,93294200,0.0,0
2020-11-04,332.4748638490275,339.3807132275245,331.2361164379026,335.0889587402344,126959700,0.0,0
2020-11-05,340.648714908817,343.5261570557376,340.2780581151827,341.6241149902344,82039700,0.0,0
2020-11-06,341.32172881772715,342.86287755020146,339.0978179174319,341.54608154296875,74973000,0.0,0
2020-11-09,355.0164100284463,355.4163276802649,345.35019052768735,345.837890625,172304200,0.0,0
2020-11-10,344.7941395764724,346.4425679726498,341.88746660110445,345.33062744140625,85552000,0.0,0
2020-11-11,347.63258849928826,348.7640561834456,346.32555594177427,347.8959655761719,58649000,0.0,0
2020-11-12,346.83271985498067,347.9446901461201,342.6190144662127,344.5210266113281,67546200,0.0,0
2020-11-13,346.5303726131732,350.0710796346724,345.9841509545954,349.290771484375,62892200,0.0,0
2020-11-16,352.0999049158478,353.8556130200785,350.74408461929124,353.6507873535156,74541100,0.0,0
2020-11-17,351.1147751852491,353.0168172869755,349.5248682595643,351.748779296875,66111000,0.0,0
2020-11-18,352.0316714183168,352.60715393432037,347.47653962415785,347.51556396484375,70591300,0.0,0
2020-11-19,346.85227267553626,349.3687917720016,345.4379306598343,348.9786376953125,59940900,0.0,0
2020-11-20,348.7055289783881,348.9201181868949,346.51087879600664,346.5888977050781,70417300,0.0,0
2020-11-23,348.4909390360727,349.99306349245717,346.14022127364996,348.66650390625,63230600,0.0,0
2020-11-24,351.3488265066413,354.8602724684191,350.45147517392604,354.2847900390625,62415900,0.0,0
2020-11-25,354.1970256408892,354.2262864517749,352.5876215084794,353.73858642578125,45330900,0.0,0
2020-11-27,354.88958675633876,355.22121923508536,353.6605730428043,354.7237854003906,28514100,0.0,0
2020-11-30,353.9043981761373,354.1872725342523,350.33446007567056,353.1533508300781,83872700,0.0,0
2020-12-01,356.57701799545174,358.6350978969765,355.95274764985186,357.01593017578125,74231400,0.0,0
2020-12-02,355.84542861800384,357.9327691009632,355.24068539178984,357.7669677734375,45927000,0.0,0
2020-12-03,357.6597005849622,359.132564257487,356.5087356140276,357.6694641113281,62882000,0.0,0
2020-12-04,358.2839783947282,360.7517395019531,358.18643242958365,360.7517395019531,50749900,0.0,0
2020-12-07,359.94209083374324,360.52733677662474,358.67408276320435,360.0103759765625,48944300,0.0,0
2020-12-08,358.67413110501417,361.6588530724585,358.62537300605464,361.0638732910156,42458900,0.0,0
2020-12-09,361.75636134742535,361.92216268009304,356.9476464305249,357.82550048828125,74098300,0.0,0
2020-12-10,356.38193645412434,358.8106732232556,355.465057961591,357.70849609375,57735400,0.0,0
2020-12-11,355.92347784448697,357.7182103924654,354.3238372162911,357.2890319824219,57698600,0.0,0
2020-12-14,359.5714950735032,360.7029329566695,355.5040636957213,355.68939208984375,69216200,0.0,0
2020-12-15,358.3619490410677,360.4980773925781,356.91837611201265,360.4980773925781,63865300,0.0,0
2020-12-16,360.72247729775125,362.02950987846845,359.7958352827264,361.0638732910156,58420500,0.0,0
2020-12-17,362.790277649516,363.29747493242843,361.92215736318127,363.0828857421875,64119500,0.0,0
2020-12-18,363.3866263894912,363.56293965205083,359.51736039658834,361.6332092285156,136542300,1.58,0
2020-12-21,357.5092421852404,370.7234684768453,354.6293396142499,360.34014892578125,96386700,0.0,0
2020-12-22,360.6829603243901,360.80050247451106,358.54753154724295,359.7327880859375,47949000,0.0,0
2020-12-23,360.7515690219112,362.0641729726551,359.7132400773865,360.05609130859375,46201400,0.0,0
2020-12-24,360.5556417655624,361.48623368440343,359.93854542824675,361.45684814453125,26457900,0.0,0
2020-12-28,364.1408706246552,364.97350087886946,363.48458352448574,364.5621032714844,39000400,0.0,0
2020-12-29,366.1685442426988,366.35466263928174,363.2494508748977,363.8665771484375,53680500,0.0,0
2020-12-30,364.7285934392752,365.473067026703,363.9743446003581,364.3857421875,49455300,0.0,0
2020-12-31,364.18001361574005,367.00114498611987,363.6412687596706,366.2370910644531,78520700,0.0,0
2021-01-04,367.6378973538859,367.77504981794266,357.36234386979214,361.2511901855469,110210800,0.0,0
2021-01-05,360.5752743625826,364.88532320830956,360.5262785306088,363.7392272949219,66426200,0.0,0
2021-01-06,362.1523198494023,369.27372446232727,361.5743843123377,365.913818359375,107997700,0.0,0
2021-01-07,368.4117291560623,372.1340371881292,368.22561076508543,371.35040283203125,68766800,0.0,0
2021-01-08,372.80993062458424,373.69152673940437,369.39128318330285,373.46624755859375,71677200,0.0,0
2021-01-11,370.12599688737987,372.8001710997851,369.9986495641724,370.9488220214844,51034700,0.0,0
2021-01-12,371.1447021841394,372.0948446366205,368.666392031846,371.0271301269531,52547700,0.0,0
2021-01-13,370.9487256167015,373.0743491872816,370.1259006964386,372.0262451171875,45303600,0.0,0
2021-01-14,372.8099126776959,373.33888227861723,370.3708232355721,370.72344970703125,49989100,0.0,0
2021-01-15,369.0190357096101,369.86144111449875,366.0607817542383,368.0198974609375,107160000,0.0,0
2021-01-19,370.6059158719739,371.47773671332385,369.04842246725656,370.9095764160156,51233300,0.0,0
2021-01-20,373.319280925438,376.9240765622318,372.90788336555545,376.04248046875,61836100,0.0,0
2021-01-21,376.63020441446173,377.0808225683727,375.4155621941014,376.38531494140625,47840100,0.0,0
2021-01-22,374.4360048475189,376.27757847057745,374.03438252387446,375.0531311035156,52860500,0.0,0
2021-01-25,375.8269742308873,376.90446395310295,370.72345629846836,376.5322570800781,70402000,0.0,0
2021-01-26,377.5313673450184,377.962375159452,375.69959908054113,375.9444885253906,42665300,0.0,0
2021-01-27,372.44748478789506,372.54544655108015,364.4053232557377,366.7562561035156,123351100,0.0,0
2021-01-28,368.66643415264394,374.12257938154136,368.2060705911047,369.9104919433594,94198100,0.0,0
2021-01-29,367.9513445002802,368.97009310241907,360.74178269906423,362.5050048828125,126765100,0.0,0
2021-02-01,366.080393032259,369.62638797752885,362.80867311331565,368.5390930175781,75817600,0.0,0
2021-02-02,371.88915114259476,375.386180023724,368.6272364854493,373.75030517578125,64450700,0.0,0
2021-02-03,374.622125025887,375.85637754376825,372.702199915421,374.044189453125,52427100,0.0,0
2021-02-04,375.13142785956285,378.34437608629577,374.1616752523073,378.29541015625,47142600,0.0,0
2021-02-05,380.26436646359224,380.5288363193565,378.24647969928833,379.78436279296875,48669800,0.0,0
2021-02-08,381.3124581142506,382.5760960599831,380.41128166912154,382.5271301269531,38365200,0.0,0
2021-02-09,381.645529548149,382.8993923268511,381.2145515851376,382.2724609375,35551100,0.0,0
2021-02-10,384.1042022915454,384.26093512782904,379.57865000863313,382.10589599609375,59154400,0.0,0
2021-02-11,383.24221746195246,383.6830304678118,380.1664212469873,382.7230529785156,42913300,0.0,0
2021-02-12,381.88064211213623,384.8682816621631,381.8022607419398,384.6136169433594,50593300,0.0,0
2021-02-16,385.9066177795312,386.11234645981625,383.52629928252793,384.2805480957031,50972400,0.0,0
2021-02-17,382.4389832474324,384.6331832327186,381.37123890036906,384.36871337890625,52290600,0.0,0
2021-02-18,381.62597438310934,383.5165140334357,379.813786214765,382.7328796386719,59712800,0.0,0
2021-02-19,384.05525217854625,384.35891271956285,381.5867472725621,382.05694580078125,83241000,0.0,0
2021-02-22,379.1476411535996,381.6553067398705,378.83417548188277,379.1182556152344,67414200,0.0,0
2021-02-23,376.796733555116,380.99904518424506,372.4279138287133,379.57867431640625,107284100,0.0,0
2021-02-24,378.43255566009327,384.21197065524007,377.3942267727832,383.7613525390625,72433900,0.0,0
2021-02-25,382.42918750680735,383.86913875599214,372.99604053701825,374.51434326171875,146670500,0.0,0
2021-02-26,376.49308155877833,377.69791863327566,370.49819204608235,372.5846252441406,152701600,0.0,0
2021-03-01,377.7077234844798,382.9287837823567,372.79035363495296,381.61614990234375,105348800,0.0,0
2021-03-02,381.85125426684294,382.0961437331943,378.10933604649813,378.6383056640625,79595300,0.0,0
2021-03-03,377.90361819507734,378.92233680020377,373.51518841776766,373.6229553222656,119940200,0.0,0
2021-03-04,373.42701047967097,376.1501798568437,364.27794458810894,368.9994201660156,183433000,0.0,0
2021-03-05,372.6825692406412,376.89468590927555,365.0224496139888,375.78778076171875,152039600,0.0,0
2021-03-08,376.79671143995984,379.7549652695832,373.6229536960108,373.91680908203125,123149200,0.0,0
2021-03-09,377.9624389848346,381.9394418492764,377.4334693243895,379.2554626464844,113633600,0.0,0
2021-03-10,381.7239168150618,383.3989524378986,380.23499958295514,381.61614990234375,109899400,0.0,0
2021-03-11,384.2119993069315,387.5620705271382,383.7319956164021,385.48541259765625,86245000,0.0,0
2021-03-12,384.0552670122448,386.15150534067055,383.2030564355901,386.00457763671875,64653600,0.0,0
2021-03-15,386.2690215510046,388.58079354821416,384.01605052515924,388.3065185546875,73427200,0.0,0
2021-03-16,388.9530632141918,389.69750689176647,387.0037226620106,387.8167724609375,73722500,0.0,0
2021-03-17,386.46495647019606,389.9815655563081,385.260089555741,389.13916015625,97959300,0.0,0
2021-03-18,386.4159682959436,388.61016818258753,382.7622069724416,383.477294921875,115349100,0.0,0
2021-03-19,383.16089223113016,384.82176951442824,380.47792969849996,382.7677917480469,113624500,1.278,0
2021-03-22,383.3082787800519,387.27866240812506,383.24931521061484,385.82415771484375,73778600,0.0,0
2021-03-23,385.1559152722727,386.67919092607923,381.9619250374276,382.7874450683594,90686600,0.0,0
2021-03-24,384.2615591669879,385.9813999049476,380.792395906655,380.8415222167969,97588600,0.0,0
2021-03-25,379.3280870165393,383.8193055004788,377.2839166419235,382.9839782714844,116128600,0.0,0
2021-03-26,384.1927745279588,389.57834397703203,383.56381977008573,389.15576171875,114409100,0.0,0
2021-03-29,387.60297586931955,389.91248239348243,386.0403812401993,388.9591979980469,108107600,0.0,0
2021-03-30,387.62262151717675,388.6348694087602,386.2467249726511,387.9272766113281,76262200,0.0,0
2021-03-31,388.52670505086945,391.1408661978213,388.4972232706708,389.4996337890625,112734200,0.0,0
2021-04-01,391.5340581744398,393.7649567005991,391.31784840520066,393.7059631347656,99682900,0.0,0
2021-04-05,396.50682617777494,399.9268632086496,396.4282180813649,399.3568420410156,91684800,0.0,0
2021-04-06,398.76719027263164,400.22166493493927,398.41337887393394,399.1209716796875,62021000,0.0,0
2021-04-07,398.9440937423563,399.9465044194002,398.46254792568465,399.5828857421875,55836300,0.0,0
2021-04-08,400.89981630548635,401.5386083491677,399.917050087009,401.4796447753906,57863100,0.0,0
2021-04-09,401.35191668559804,404.57538873334255,401.22415227651913,404.3984680175781,61104600,0.0,0
2021-04-12,403.76950473133496,404.8308790453719,403.13071269102096,404.5458984375,56704900,0.0,0
2021-04-13,404.4377462487761,406.4032785183479,404.0348085345168,405.74481201171875,56551000,0.0,0
2021-04-14,405.7153229079333,406.8258534188693,403.78910971616307,404.359130859375,61659900,0.0,0
2021-04-15,406.6096756196527,408.9879830061078,406.5605493065969,408.7029724121094,60229800,0.0,0
2021-04-16,410.05922401932133,410.7078533531367,408.5654300937031,410.0690612792969,82037300,0.0,0
2021-04-19,409.086274327565,409.55798291619806,406.6588405764081,408.0543518066406,78498500,0.0,0
2021-04-20,406.7767454668814,407.936402339347,403.5139546130165,405.0667419433594,81851800,0.0,0
2021-04-21,404.4181247028779,409.11574589441653,404.2706857809684,408.8995361328125,66793000,0.0,0
2021-04-22,408.722647364938,409.59729368311207,404.04467067791944,405.1650085449219,97582800,0.0,0
2021-04-23,405.7546527057002,411.04193935427577,405.6760446105744,409.5579528808594,73209200,0.0,0
2021-04-26,410.24587990926165,411.0124362614783,409.6267324725403,410.4129333496094,52182400,0.0,0
2021-04-27,410.72743111029484,410.9338335863496,409.1255175603043,410.3244934082031,51303100,0.0,0
2021-04-28,410.6095111955041,411.78884253902623,409.7151904251342,410.2065734863281,51238900,0.0,0
2021-04-29,413.0762990746637,413.46939955889735,409.26316139514444,412.8207702636719,78544300,0.0,0
2021-04-30,410.4326365131336,411.32695731841426,409.16485976810463,410.1083068847656,85527000,0.0,0
2021-05-03,412.20161157558425,412.60454930828,410.4719634935376,410.9928283691406,68128300,0.0,0
2021-05-04,408.899532168778,409.4203970450959,404.57536697026137,408.457275390625,101591200,0.0,0
2021-05-05,410.18693557664784,410.43262711120747,407.9953562913847,408.58502197265625,60162200,0.0,0
2021-05-06,408.6636564675572,411.9854110280554,406.55071513217433,411.84783935546875,74321400,0.0,0
2021-05-07,412.6536656696837,415.5331630996447,411.9362356309159,414.84521484375,67733800,0.0,0
2021-05-10,415.2187161237287,415.4545704124847,410.6095402838758,410.7373046875,81852400,0.0,0
2021-05-11,405.9807076764529,408.1132934534918,402.99309014516535,407.0715637207031,116888000,0.0,0
2021-05-12,404.14292381086636,405.4794713429936,397.03751394014444,398.4232177734375,134811000,0.0,0
2021-05-13,400.05461864818534,405.24362265267865,400.0054623463423,403.20928955078125,106394000,0.0,0
2021-05-14,406.08877878533804,410.2950165661985,406.05929700149534,409.40069580078125,82201600,0.0,0
2021-05-17,408.23121335742616,409.21397943018053,406.23616943776,408.35894775390625,65129200,0.0,0
2021-05-18,408.63416126027215,408.8896900616548,404.67361479705806,404.8406982421875,59810200,0.0,0
2021-05-19,399.90719550703017,403.96599431617284,398.3445710118742,403.7792663574219,106467100,0.0,0
2021-05-20,404.70313158285927,409.44990938713937,404.5753971627643,408.1231689453125,78022200,0.0,0
2021-05-21,409.68573299581357,410.992828811612,407.3074556335726,407.78900146484375,76578700,0.0,0
2021-05-24,410.1476270824781,413.0762810467452,409.8920982826383,411.94610595703125,51376700,0.0,0
2021-05-25,413.0861128143376,413.4595687772861,410.4228247509107,411.0321350097656,57451400,0.0,0
2021-05-26,411.6512741184658,412.3785115104171,410.56041803053876,411.84783935546875,43088600,0.0,0
2021-05-27,412.92880372305456,413.46931302680076,411.7691170485481,412.06396484375,56707700,0.0,0
2021-05-28,413.7150822978539,413.9902556301203,412.5554253969914,412.8011169433594,58520200,0.0,0
2021-06-01,415.2874852231497,415.43489414235876,411.9755682078058,412.4374694824219,54216600,0.0,0
2021-06-02,413.1253786117773,413.9705730492438,412.0640044253573,413.0860595703125,49097100,0.0,0
2021-06-03,410.6488504338825,412.7519544435698,409.1059003478569,411.552978515625,58138800,0.0,0
2021-06-04,413.49886268584874,415.6314784538373,411.62177571732104,415.3169860839844,55938800,0.0,0
2021-06-07,415.30713243340125,415.4938603961538,413.9312658591526,414.9140319824219,51555000,0.0,0
2021-06-08,415.81815459918454,415.9164372085585,413.07625874499337,415.0024719238281,47134300,0.0,0
2021-06-09,415.88699290123367,415.9656309924756,414.14750752596876,414.38336181640625,48436300,0.0,0
2021-06-10,415.6707782889206,417.31201101845414,414.2850743654764,416.3095703125,51020100,0.0,0
2021-06-11,416.8894381890845,417.1154552226834,415.5332160209128,416.9975280761719,45570800,0.0,0
2021-06-14,417.11543962480755,418.0392422267954,415.8083738109893,417.93115234375,42358500,0.0,0
2021-06-15,418.08838386841893,418.1276729199793,416.24077872923726,417.1645812988281,51508500,0.0,0
2021-06-16,417.31197797477256,417.5478322437833,412.6831579955877,414.83538818359375,80386100,0.0,0
2021-06-17,414.4030276021503,415.72973794954703,412.0935210848051,414.6978454589844,90949700,0.0,0
2021-06-18,411.24292554927683,411.9725420625814,408.88644595345664,409.1033630371094,118676300,1.376,0
2021-06-21,410.9570012643242,415.15729130729704,410.0992023321142,414.9600830078125,72822000,0.0,0
2021-06-22,414.950260939382,418.0560962021767,414.1910360355287,417.1785583496094,57700300,0.0,0
2021-06-23,417.25744559455063,418.1053751036873,416.5869855050338,416.67572021484375,49445400,0.0,0
2021-06-24,418.9336383727727,419.5843595974067,418.66740414565896,419.14068603515625,45110300,0.0,0
2021-06-25,419.9294477559377,421.10276796070247,419.5843482681076,420.6294860839844,58129500,0.0,0
2021-06-28,421.18166514163806,421.6549169306422,419.91961022135575,421.4774475097656,53159600,0.0,0
2021-06-29,421.88169304930426,422.5521531270036,421.142207057493,421.7042236328125,35970500,0.0,0
2021-06-30,421.2210529629228,422.76905078950557,421.1914747282003,422.05914306640625,64827900,0.0,0
2021-07-01,422.8578065967437,424.56356512356047,422.7887806823597,424.39593505859375,53441000,0.0,0
2021-07-02,425.618581815073,428.01450926964515,424.48467919283786,427.63983154296875,57697700,0.0,0
2021-07-06,427.69899104876646,427.92577759277384,423.9818521720319,426.86090087890625,68710400,0.0,0
2021-07-07,427.5806727623855,428.66525825750165,425.4608188931546,428.36944580078125,63549500,0.0,0
2021-07-08,422.769044493245,425.67770125326325,421.52669847388313,424.8790588378906,97595200,0.0,0
2021-07-09,426.46650672826826,429.7301025483881,424.6720134723785,429.4145812988281,76238600,0.0,0
2021-07-12,429.32586501266144,431.2189625014965,428.87232200305783,430.9527282714844,52889600,0.0,0
2021-07-13,430.124493919236,431.70207009507584,429.20753848650713,429.4836120605469,52911300,0.0,0
2021-07-14,431.26825374132045,431.7809833212999,428.8131697102356,430.12451171875,64130400,0.0,0
2021-07-15,428.71455198212766,429.4244597636725,426.65385455411524,428.6553955078125,55126400,0.0,0
2021-07-16,429.89775926190026,429.9470462959279,424.87911755345255,425.293212890625,75874700,0.0,0
2021-07-19,420.2154107055467,425.36223476119255,416.0545680391834,419.01251220703125,147987000,0.0,0
2021-07-20,419.71256599522826,426.35810126429584,418.87447576558037,425.01715087890625,99608200,0.0,0
2021-07-21,426.2791501600441,428.6060816666892,424.9678082750648,428.4581604003906,64724400,0.0,0
2021-07-22,428.64553044362617,429.61180301691473,427.610262042774,429.3554382324219,47878500,0.0,0
2021-07-23,431.386525550918,434.1275523486655,430.6667784626901,433.7726135253906,63766600,0.0,0
2021-07-26,433.1514741753068,434.8473633389298,433.1021871426066,434.8374938964844,43719200,0.0,0
2021-07-27,433.74305957067,433.7726378075987,429.8779994366668,432.8556823730469,67397100,0.0,0
2021-07-28,433.5162823226375,434.12758595877887,431.17951128588135,432.6781921386719,52472400,0.0,0
2021-07-29,433.6543050059313,435.60652873337114,433.6444355641526,434.47265625,47435300,0.0,0
2021-07-30,431.77110657438186,433.8909605079529,431.6330547391031,432.3627014160156,68951200,0.0,0
2021-08-02,434.1670150626334,434.7487404363224,431.08088868664237,431.45556640625,58783300,0.0,0
2021-08-03,432.2936970140406,435.0938806413937,429.98650409762496,434.9656982421875,58053900,0.0,0
2021-08-04,433.61488389666704,434.9360953162159,432.5796154983661,432.82611083984375,46732200,0.0,0
2021-08-05,434.0487189403159,435.6558733842062,433.71348888603256,435.567138671875,38969700,0.0,0
2021-08-06,435.902378656425,436.7305994134803,435.6065661854855,436.2868957519531,46930000,0.0,0
2021-08-09,436.25730641179433,436.59253646518346,435.12343385979165,435.93194580078125,41222600,0.0,0
2021-08-10,436.4051867310976,437.2235680940837,435.68543960988916,436.4742126464844,43339300,0.0,0
2021-08-11,437.59825505263785,437.65741152714276,436.4150653830132,437.5588073730469,44034300,0.0,0
2021-08-12,437.401014695333,439.01803845268705,436.45448108284535,438.8701171875,38909400,0.0,0
2021-08-13,439.34343254167584,439.6885320371602,438.8307330645149,439.6688232421875,39470300,0.0,0
2021-08-16,438.29830457206776,440.84212330994364,436.6615718595761,440.7041015625,73740000,0.0,0
2021-08-17,438.0123332400123,438.7222409960643,434.6698722021824,437.8151550292969,92673900,0.0,0
2021-08-18,436.7502932359682,438.39689534076564,432.7669502204666,433.0232849121094,89351900,0.0,0
2021-08-19,430.15405628554583,434.95581055185494,430.00616510665293,433.6937255859375,92812200,0.0,0
2021-08-20,434.0585874387622,437.4897833338258,433.54585787116815,437.1446838378906,72008700,0.0,0
2021-08-23,438.9194539341107,441.94642384882616,437.223564837277,440.9900207519531,54973000,0.0,0
2021-08-24,441.69003295898443,442.25204950726885,441.14775529364647,441.6900329589844,38744700,0.0,0
2021-08-25,441.8872657689683,443.1591600196462,441.49284916528046,442.61688232421875,40529700,0.0,0
2021-08-26,442.32106032326953,442.56755565037236,439.90542417151903,440.0040283203125,57829600,0.0,0
2021-08-27,440.8519535540359,444.3324663355959,440.79279708328227,443.9380798339844,77235100,0.0,0
2021-08-30,444.6480042299073,446.7185710531357,444.3916394538635,445.8903503417969,48357400,0.0,0
2021-08-31,445.7917529195838,446.14669176276016,444.598723910335,445.229736328125,59300200,0.0,0
2021-09-01,446.2157250966417,446.7580028126523,445.21987428712623,445.46636962890625,48721400,0.0,0
2021-09-02,446.9650964591461,447.6848436252904,445.5748590712963,446.8369140625,42501000,0.0,0
2021-09-03,445.6438381979771,447.2707013228041,445.2198433713373,446.7283935546875,47170500,0.0,0
2021-09-07,446.3636107267594,446.46221488019654,444.4212262541242,445.1311340332031,51671500,0.0,0
2021-09-08,444.56912787601095,445.3381920952014,442.56755692798686,444.5888366699219,56181900,0.0,0
2021-09-09,444.3818021951724,446.2255824875284,442.42954830868575,442.6859130859375,57970400,0.0,0
2021-09-10,444.71702759001346,445.1607011347376,439.0673437357614,439.1955261230469,89948200,0.0,0
2021-09-13,442.3506682189031,442.6267417813995,437.88414400996885,440.31951904296875,83738600,0.0,0
2021-09-14,441.8379677417359,442.0548848472329,437.0066650354074,437.943359375,78197100,0.0,0
2021-09-15,438.3870399233111,442.1239178090086,437.2235891070009,441.6013488769531,78792200,0.0,0
2021-09-16,441.0491668133142,442.07456571109174,437.7954104364382,440.9012756347656,77786700,0.0,0
2021-09-17,440.08820711209074,440.53330202571135,436.23053674375853,436.6064147949219,118425000,1.428,0
2021-09-20,430.15725957527115,431.81900772971966,424.2026167425892,429.3263854980469,166445500,0.0,0
2021-09-21,431.7893070070695,433.1543251127719,428.3668908688515,428.9208068847656,92526100,0.0,0
2021-09-22,431.31451727903413,435.2513056413547,429.0395071828454,433.1048583984375,102350100,0.0,0
2021-09-23,435.0732424554355,440.0585165925608,434.82595745121915,438.3670654296875,76396000,0.0,0
2021-09-24,436.64602552922025,439.8409590463364,436.4185124301518,439.0892028808594,62094800,0.0,0
2021-09-27,438.001144732723,439.22766885166357,437.1010235793786,437.8330078125,61371100,0.0,0
2021-09-28,434.91502494458,435.2612300263331,428.2383290859628,429.0098571777344,130436300,0.0,0
2021-09-29,430.46388761682164,432.29380286066134,429.13844348950994,429.73193359375,82329200,0.0,0
2021-09-30,431.28484205922535,432.0266971110456,424.1234776185578,424.4795837402344,140506000,0.0,0
2021-10-01,426.29959385341084,431.2947390810988,422.59031862904084,429.524169921875,129240100,0.0,0
2021-10-04,428.29768293103155,429.24724901843,421.72977787663456,423.98504638671875,128570000,0.0,0
2021-10-05,425.5676195939264,430.7606050289879,424.72687467241565,428.3965759277344,90682500,0.0,0
2021-10-06,424.6081386386634,430.3946139716955,422.89694567032893,430.177001953125,113032200,0.0,0
2021-10-07,433.6291222519703,436.8833712917652,433.4411832270388,433.89617919921875,72437500,0.0,0
2021-10-08,434.70729067501026,435.11284172777005,432.442151452975,433.1048583984375,74557400,0.0,0
2021-10-11,432.4124764960322,435.47881674935985,429.9000522668484,429.96929931640625,65233300,0.0,0
2021-10-12,430.93867447710824,431.3639974693384,428.08004513969195,428.9109191894531,71181200,0.0,0
2021-10-13,429.98908243988075,431.31452654544125,426.85352524156167,430.4539794921875,72974000,0.0,0
2021-10-14,434.31161614572477,437.85275456165994,433.8170461021932,437.6944885253906,70236800,0.0,0
2021-10-15,439.92006098040093,441.4136721960833,439.2672248898277,441.02789306640625,66260200,0.0,0
2021-10-18,439.14852484701925,442.6896330702324,438.4561147128943,442.33355712890625,62213200,0.0,0
2021-10-19,444.0448020304438,445.8153411354433,443.40183679471414,445.7461242675781,46996800,0.0,0
2021-10-20,446.2307890555148,447.8134192914506,446.11209707039774,447.49688720703125,49571600,0.0,0
2021-10-21,446.8638202405665,448.90144646874785,446.4088242384128,448.6640625,41305400,0.0,0
2021-10-22,448.2090892936769,449.73237360499155,446.1516608393523,448.1991882324219,58845100,0.0,0
2021-10-25,449.34658607979634,450.9489882928152,447.4771268933283,450.602783203125,45214500,0.0,0
2021-10-26,452.23485500256913,453.5108239670847,450.61265078792366,451.00830078125,56075100,0.0,0
2021-10-27,451.49300518639507,452.1952861966637,448.9311057949702,449.01025390625,72438000,0.0,0
2021-10-28,450.5137559288971,453.42183033096825,450.5038850541698,453.34271240234375,51437900,0.0,0
2021-10-29,450.9193052975182,454.5692347845363,450.6126742727474,454.2626037597656,70162400,0.0,0
2021-11-01,455.30119277414457,455.69687297768905,453.22402263634314,455.0440368652344,48433600,0.0,0
2021-11-02,455.22207140791966,457.2102527269214,455.08357730049255,456.8838195800781,48908400,0.0,0
2021-11-03,456.29034513394373,460.09854079886395,455.82544804987043,459.6732177734375,52509800,0.0,0
2021-11-04,460.3062312080277,461.92843549226137,459.9402541938474,461.83941650390625,52847100,0.0,0
2021-11-05,464.18368860895237,465.5388057853216,461.8493323431815,463.44183349609375,66390600,0.0,0
2021-11-08,464.5991205808463,465.12336363039026,463.1154104195528,463.83746337890625,50405200,0.0,0
2021-11-09,464.22325556653186,464.470540600369,460.8206110860394,462.3043212890625,51149100,0.0,0
2021-11-10,460.5238502532624,462.30432060595604,457.0223159133381,458.58514404296875,69429700,0.0,0
2021-11-11,460.15788475115437,460.2370328680967,458.7137485716579,458.7335205078125,34848500,0.0,0
2021-11-12,460.06881999557623,462.7790541011014,459.06977887514876,462.1954650878906,53466700,0.0,0
2021-11-15,463.5506410467213,463.71877796313254,461.16680973147646,462.353759765625,46980500,0.0,0
2021-11-16,462.07678158837393,465.3805058278983,461.997663664012,464.18365478515625,48857500,0.0,0
2021-11-17,463.9067067874523,464.09464582129954,462.4032247028348,463.0560607910156,47858300,0.0,0
2021-11-18,464.1441154959543,464.90577273251705,461.27561509095875,464.6288146972656,50625600,0.0,0
2021-11-19,464.51009505018857,465.8256683644127,463.4121639643054,463.7979431152344,57315600,0.0,0
2021-11-22,465.77620094544505,468.3974162000404,462.27463650348267,462.49224853515625,72762000,0.0,0
2021-11-23,462.1460321767359,464.00562036815467,459.4061250056024,463.1054992675781,73206500,0.0,0
2021-11-24,460.99862066402557,464.4705119847711,460.1380736290755,464.3419189453125,61858800,0.0,0
2021-11-26,457.3190234788419,458.8620795972317,452.79864604371414,453.9856262207031,112669600,0.0,0
2021-11-29,459.0302613399688,461.49321057172244,456.7156770885326,459.55450439453125,86268800,0.0,0
2021-11-30,456.98276663859826,458.99072001183646,450.35551530768583,450.6127014160156,148559600,0.0,0
2021-12-01,456.6266712070454,459.62376464012965,445.3999245196403,445.6076354980469,131939200,0.0,0
2021-12-02,445.83513062316,454.08455548076716,445.4196784969356,452.43267822265625,127637800,0.0,0
2021-12-03,454.1834661335592,455.3011690732896,444.0447802618136,448.49591064453125,137331600,0.0,0
2021-12-06,451.17647042948005,455.78586683390887,448.6343731740784,453.8075866699219,98977500,0.0,0
2021-12-07,459.3665517335019,463.788009132798,453.669095168997,463.19451904296875,95484700,0.0,0
2021-12-08,463.6099790811344,464.89584914259655,461.76026172923486,464.4210510253906,72238800,0.0,0
2021-12-09,463.0659320499417,464.52987026581985,461.0777809743621,461.2854919433594,61272600,0.0,0
2021-12-10,464.134226571597,465.786073657771,461.44376425399895,465.6278076171875,77159800,0.0,0
2021-12-13,465.08379519572003,465.44977221014386,461.2063526454266,461.50311279296875,87724700,0.0,0
2021-12-14,458.06085443495783,460.6820694861795,455.2517003625016,458.3279113769531,97264100,0.0,0
2021-12-15,458.38733050473866,465.74650527142273,455.7364120253917,465.4893493652344,116899300,0.0,0
2021-12-16,467.4379627528054,467.7346927200541,459.7523245532885,461.3844299316406,116568600,0.0,0
2021-12-17,458.1415242205814,461.30796906821683,454.677306935825,456.47393798828125,135511600,1.633,0
2021-12-20,451.12374857261807,452.03693755567525,447.80841757511604,451.62005615234375,107134800,0.0,0
2021-12-21,455.2232614347073,459.78929760475864,452.94025849578827,459.6404113769531,69806300,0.0,0
2021-12-22,459.3723976253422,464.35531503212434,459.16392662261586,464.2362060546875,58890200,0.0,0
2021-12-23,465.2883811391253,468.70297989555525,465.1792080059466,467.1247253417969,56439700,0.0,0
2021-12-27,468.5739235696753,473.78515331052074,468.52430492712324,473.73553466796875,56808600,0.0,0
2021-12-28,474.1921176201841,475.2740645144776,472.544372811967,473.348388671875,47274600,0.0,0
2021-12-29,473.45761085508786,475.0259295486556,472.40544116234486,473.95391845703125,54503000,0.0,0
2021-12-30,474.400564198049,475.46266970740083,472.1572744970893,472.6436462402344,55329000,0.0,0
2021-12-31,472.12748545632616,473.3384468612923,471.16464754715946,471.4524841308594,65237400,0.0,0
2022-01-03,472.7825989002226,474.3211706070978,470.35070988052126,474.18218994140625,72668200,0.0,0
2022-01-04,475.68105717679356,476.43545442201764,472.06792330989066,474.02337646484375,71178700,0.0,0
2022-01-05,473.6362723018177,474.4502240356646,464.82184448213906,464.9211120605469,104538900,0.0,0
2022-01-06,464.43475635518746,467.34311172054277,461.99290106926634,464.484375,86858900,0.0,0
2022-01-07,464.4943208985479,465.7350899678439,461.21867238027824,462.6480407714844,85111600,0.0,0
2022-01-10,459.2830499463294,462.3005782440022,453.2280913684154,462.0722961425781,119362000,0.0,0
2022-01-11,461.79439590989494,466.38027344115113,458.63785644580605,466.281005859375,74303100,0.0,0
2022-01-12,468.10739338689524,469.7055195932768,465.47696919425465,467.5415954589844,67605400,0.0,0
2022-01-13,468.70295356246965,469.3878604444034,460.0175709358425,461.0995178222656,91173100,0.0,0
2022-01-14,457.78421645225615,461.6554097578775,456.50373433463085,461.28814697265625,95890900,0.0,0
2022-01-18,456.3449265731601,456.563303140438,451.9476482739231,453.1189270019531,109709100,0.0,0
2022-01-19,454.74679964041115,456.21585072748525,448.1260430265835,448.4139099121094,109357600,0.0,0
2022-01-20,450.3991425124106,455.3522826175518,441.2174520038932,443.4508361816406,122379700,0.0,0
2022-01-21,442.26961517043355,444.7511531091725,434.71582822517354,434.74560546875,202271200,0.0,0
2022-01-24,428.83953576398926,437.1278785901257,417.65277357075263,436.59185791015625,251783900,0.0,0
2022-01-25,429.86194454991664,436.4727655471078,423.9955849673793,431.26153564453125,167997300,0.0,0
2022-01-26,437.4653881465204,440.7608780011125,425.6929556922482,430.1795959472656,186391100,0.0,0
2022-01-27,435.0235368105885,438.32893201872866,426.27859953173044,428.05535888671875,149878300,0.0,0
2022-01-28,429.4847473124773,438.7359284587059,424.6606518701391,438.6863098144531,164457400,0.0,0
2022-01-31,437.98150706084016,446.9547566619125,436.5620746406464,446.5874938964844,152251400,0.0,0
2022-02-01,447.35178574045165,450.28001253156407,443.63941479612373,449.60504150390625,123155400,0.0,0
2022-02-02,452.1362205312867,454.7368674908819,449.70430119090776,453.9725646972656,117361000,0.0,0
2022-02-03,447.61982296530243,449.6248947032239,442.418498876532,443.30194091796875,118024400,0.0,0
2022-02-04,443.0537923566418,449.43630070407,440.55238271204513,445.3864440917969,118454400,0.0,0
2022-02-07,446.19044585550614,447.65949689077297,442.5574707707447,443.9570617675781,84472900,0.0,0
2022-02-08,443.4309923531832,448.58266758500156,441.9321337308226,447.6098937988281,81012000,0.0,0
2022-02-09,451.85828881501146,454.49864886021885,451.64984810655636,454.1611633300781,92589900,0.0,0
2022-02-10,448.0069333379729,454.32988721085,443.8975222297545,446.0018615722656,140103700,0.0,0
2022-02-11,446.0911934028426,448.2749286319551,435.6985112163903,437.207275390625,153214600,0.0,0
2022-02-14,436.6713015169943,438.3388878187776,432.125106839446,435.7779235839844,123006300,0.0,0
2022-02-15,440.4531404379815,442.98429700545154,439.9071839189706,442.8056335449219,88482700,0.0,0
2022-02-16,440.6516450858694,444.7511505841454,438.6763505913553,443.30194091796875,84863600,0.0,0
2022-02-17,439.94691073606924,443.2721777188983,433.19713948404967,433.8323974609375,102259100,0.0,0
2022-02-18,434.1003983603832,435.42059355909936,428.63110912805354,431.0233154296875,132642900,0.0,0
2022-02-22,428.7006102208994,432.28393669433757,422.715111247684,426.3977355957031,124391800,0.0,0
2022-02-23,429.46491568846346,430.0604908941165,418.23843968692506,418.8340148925781,132578000,0.0,0
2022-02-24,407.9846952375226,425.59370977076026,407.60752690084337,425.1370849609375,213942900,0.0,0
2022-02-25,426.4374012047311,434.6066351996629,424.70032460606313,434.5173034667969,121804500,0.0,0
2022-02-28,428.8395426454739,434.9639917437823,427.51937776112203,433.40557861328125,145615000,0.0,0
2022-03-01,431.82731790505625,433.94159309263273,423.9558564779409,426.8046875,137785900,0.0,0
2022-03-02,429.1770252763646,436.47275298849456,428.38294524046694,434.6562805175781,117726500,0.0,0
2022-03-03,437.2171979124756,437.8524558588223,430.5964415094728,432.4923400878906,105501700,0.0,0
2022-03-04,428.56160392086997,430.1696356655506,424.72018802141935,428.978515625,113978200,0.0,0
2022-03-07,428.363071784738,429.1075331749042,416.26309023319334,416.33258056640625,137896600,0.0,0
2022-03-08,416.52119487933925,424.05514078414564,412.0544263774389,413.17608642578125,164772700,0.0,0
2022-03-09,422.00043653265294,426.33816006738925,419.6975620210903,424.253662109375,116990800,0.0,0
2022-03-10,419.39975837537787,423.2808873959564,417.33513211268047,422.3379211425781,93972700,0.0,0
2022-03-11,424.9584361566884,425.60363001100905,416.431874790774,416.9678955078125,95636300,0.0,0
2022-03-14,417.7818198372349,421.41476475790466,412.71947633429505,413.9205322265625,95729200,0.0,0
2022-03-15,416.67006572423463,423.6878623594226,415.33005945689666,423.0228271484375,106219100,0.0,0
2022-03-16,426.71534960452595,432.4625696234906,421.66291173642605,432.40301513671875,144954800,0.0,0
2022-03-17,430.3880323771567,437.81280517578125,429.99099234504166,437.81280517578125,102676900,0.0,0
2022-03-18,436.11611687494,442.9465967227538,435.3394729507525,442.6080627441406,106345500,1.366,0
2022-03-21,442.42883451976616,444.5397112731872,438.78457299050746,442.4786376953125,88349800,0.0,0
2022-03-22,443.9422822867515,448.6419821547783,443.9422822867515,447.65625,74650400,0.0,0
2022-03-23,444.98778306752536,446.5609739030577,441.80153454740395,441.8911437988281,79426100,0.0,0
2022-03-24,444.02195052128224,448.5623348762496,442.84703316326824,448.5523681640625,64736900,0.0,0
2022-03-25,449.21950187964325,451.0316810998012,446.5012330494063,450.742919921875,77101300,0.0,0
2022-03-28,450.1156195139314,453.94906616210943,448.124221814755,453.9490661621094,68529800,0.0,0
2022-03-29,458.0413708040677,460.0825716639469,455.2135897363905,459.5647888183594,86581500,0.0,0
2022-03-30,458.3600116357162,459.21632846006804,454.50666189192765,456.7270812988281,79666900,0.0,0
2022-03-31,455.92056661950977,456.7868197678534,449.219502337516,449.69744873046875,121699900,0.0,0
2022-04-01,451.3602611116737,451.5096098678162,447.2082137593184,450.9719543457031,89048800,0.0,0
2022-04-04,451.1810377275332,454.944778273236,450.31478456495114,454.8352355957031,59601000,0.0,0
2022-04-05,453.26203804372756,455.8607974930953,447.885270255887,449.0900573730469,74214500,0.0,0
2022-04-06,444.96789090038953,446.99909475493166,441.56258733148536,444.5994567871094,106898000,0.0,0
2022-04-07,443.67346751760005,448.7515379655548,441.62233022230487,446.83978271484375,78097200,0.0,0
2022-04-08,446.0432319739418,448.6917946617929,444.02196444720255,445.64495849609375,79272700,0.0,0
2022-04-11,442.19981288051156,443.0859994648741,437.5001433604238,438.0278625488281,89770500,0.0,0
2022-04-12,441.17425253254356,443.83278194919654,434.7719159375801,436.4048767089844,84363600,0.0,0
2022-04-13,436.145970511024,442.199806210964,435.9567852966836,441.40325927734375,74070400,0.0,0
2022-04-14,441.6422177170919,442.8171654668731,435.7974702638393,435.9070129394531,97869500,0.0,0
2022-04-18,434.9312283207124,437.8585854788672,433.73637750200163,436.08624267578125,66002500,0.0,0
2022-04-19,435.97668314990744,443.88253443665394,435.79746464992195,443.1258239746094,77821000,0.0,0
2022-04-20,444.9977576178341,445.6449558137314,441.5725510335844,442.7972412109375,65224400,0.0,0
2022-04-21,446.61077732737715,448.0744558740918,435.2199798831134,436.17584228515625,85417300,0.0,0
2022-04-22,435.0307917754761,436.1957424232133,423.6101246566543,424.2075500488281,132471800,0.0,0
2022-04-25,421.8477522832064,426.8461496556583,417.0385097400411,426.66693115234375,119647700,0.0,0
2022-04-26,423.9984332185752,424.2075518578343,414.28043298395477,414.310302734375,103996300,0.0,0
2022-04-27,415.4453804939464,421.1009730833674,413.22499149476755,415.4752502441406,122030000,0.0,0
2022-04-28,420.47369324555655,427.7920861726623,415.803863015228,425.9699401855469,105449100,0.0,0
2022-04-29,421.768082085963,424.03827430158674,409.44132517295606,410.2279357910156,145491100,0.0,0
2022-05-02,410.2976277772496,414.1310743837082,403.2779327322578,412.697265625,158312500,0.0,0
2022-05-03,413.225008701923,417.1281313593151,411.5820812138742,414.589111328125,100028200,0.0,0
2022-05-04,415.2860852891552,427.81199451114253,411.9305848462734,427.2145690917969,144247900,0.0,0
2022-05-05,422.72394762165095,423.17202427246684,407.6789521205968,412.0301513671875,172929100,0.0,0
2022-05-06,409.3318122580711,413.01587985179475,403.9849141785273,409.5707702636719,151770800,0.0,0
2022-05-09,403.3576137772858,404.66197685140884,394.7945975143392,396.4574279785156,155586100,0.0,0
2022-05-10,402.7502112242886,404.33336872235236,393.1218205258092,397.3734436035156,132497200,0.0,0
2022-05-11,396.35785524516746,402.3021786960967,390.27411936743766,391.06072998046875,142361000,0.0,0
2022-05-12,387.6952694382017,394.09760596691245,383.4934189340363,390.6524963378906,125090800,0.0,0
2022-05-13,395.0036958488813,401.445868845207,393.9084209989808,399.9921569824219,104174400,0.0,0
2022-05-16,398.2596588484922,402.232487754698,395.88989059345045,398.3691711425781,78622400,0.0,0
2022-05-17,404.7814722008762,406.8127064630349,400.8484493952417,406.56378173828125,83029700,0.0,0
2022-05-18,401.7644790283345,402.06317652364294,388.87016698925527,390.1745300292969,117674500,0.0,0
2022-05-19,386.94849816969116,392.4447754954125,385.4449831206161,387.7848815917969,98510700,0.0,0
2022-05-20,391.55858771044626,395.32232829167623,378.90326335199177,387.95416259765625,131432200,0.0,0
2022-05-23,391.14036405476344,396.0193127061059,388.70092011540953,395.2127990722656,76414900,0.0,0
2022-05-24,390.87153482317746,393.4503911765343,385.295615233017,392.1958312988281,91448800,0.0,0
2022-05-25,390.6226242642382,397.73192883616974,390.20444775195887,395.6608581542969,91472900,0.0,0
2022-05-26,396.9552866502971,405.28928143068714,396.73623168080803,403.56671142578125,82168300,0.0,0
2022-05-27,406.15551496459744,413.59338646895515,405.9464267176564,413.4739074707031,84768700,0.0,0
2022-05-31,411.77125910700835,414.66874649020866,408.26640999327043,411.1539306640625,95937000,0.0,0
2022-06-01,413.38432497428226,414.4496997018534,405.17974538965115,407.82830810546875,86585800,0.0,0
2022-06-02,407.65903603980377,415.64452986799046,405.2892679178831,415.5947570800781,79609600,0.0,0
2022-06-03,410.62621630767,412.25917707329523,407.74866231541205,408.77423095703125,71874300,0.0,0
2022-06-06,412.99598986027354,414.8181054831775,408.7841725605971,410.01885986328125,57508900,0.0,0
2022-06-07,406.3447196081183,414.4297896639024,405.85680649349797,413.95184326171875,59272400,0.0,0
2022-06-08,412.14962939730566,414.031514862704,408.61491053390824,409.4512939453125,64350000,0.0,0
2022-06-09,407.57936321880766,409.9690343792351,399.7133483886719,399.7133483886719,86289800,0.0,0
2022-06-10,393.1815804363486,394.0777033552789,388.0736402962319,388.1234130859375,132893900,0.0,0
2022-06-13,378.2162306703627,380.1677919929226,371.6943846879204,373.3870849609375,170004900,0.0,0
2022-06-14,375.2291259503643,376.3144340743701,368.9960412886886,372.2619323730469,104011800,0.0,0
2022-06-15,375.73691806649134,382.24879730696813,370.5194656131574,377.56903076171875,125666800,0.0,0
2022-06-16,368.91641162743963,369.34455486458364,362.5140445640615,365.072998046875,134473300,0.0,0
2022-06-17,365.510009765625,369.3800048828125,362.1700134277344,365.8599853515625,111113900,1.577,0
2022-06-21,371.8900146484375,376.5299987792969,371.80999755859375,375.07000732421875,76811900,0.0,0
2022-06-22,370.6199951171875,378.7200012207031,370.17999267578125,374.3900146484375,90059400,0.0,0
2022-06-23,376.6400146484375,378.8299865722656,372.8900146484375,378.05999755859375,79292100,0.0,0
2022-06-24,381.3999938964844,390.0899963378906,381.3699951171875,390.0799865722656,98050300,0.0,0
2022-06-27,391.04998779296875,391.3599853515625,387.44000244140625,388.5899963378906,66009600,0.0,0
2022-06-28,390.2300109863281,393.1600036621094,380.5299987792969,380.6499938964844,86548900,0.0,0
2022-06-29,381.2300109863281,382.2699890136719,378.4200134277344,380.3399963378906,65676000,0.0,0
2022-06-30,376.239990234375,380.6600036621094,372.55999755859375,377.25,112508300,0.0,0
2022-07-01,376.55999755859375,381.70001220703125,373.79998779296875,381.239990234375,74792100,0.0,0
2022-07-05,375.8800048828125,381.9800109863281,372.8999938964844,381.9599914550781,81438000,0.0,0
2022-07-06,382.1099853515625,385.8699951171875,379.6000061035156,383.25,70426200,0.0,0
2022-07-07,385.1199951171875,389.8299865722656,383.2699890136719,388.989990234375,64525900,0.0,0
2022-07-08,387.2699890136719,390.6400146484375,385.6600036621094,388.6700134277344,72332300,0.0,0
2022-07-11,385.8500061035156,386.8699951171875,383.5,384.2300109863281,58366900,0.0,0
2022-07-12,383.6499938964844,386.1600036621094,378.989990234375,380.8299865722656,62219200,0.0,0
2022-07-13,375.1000061035156,381.9200134277344,374.6600036621094,378.8299865722656,84224600,0.0,0
2022-07-14,373.6099853515625,379.04998779296875,371.0400085449219,377.9100036621094,89704800,0.0,0
2022-07-15,382.54998779296875,385.25,380.5400085449219,385.1300048828125,79016800,0.0,0
2022-07-18,388.3800048828125,389.0899963378906,380.6600036621094,381.95001220703125,63203600,0.0,0
2022-07-19,386.0799865722656,392.8699951171875,385.3900146484375,392.2699890136719,78506000,0.0,0
2022-07-20,392.4700012207031,396.260009765625,391.0299987792969,394.7699890136719,71843800,0.0,0
2022-07-21,394.1600036621094,398.8399963378906,391.6300048828125,398.7900085449219,64903900,0.0,0
2022-07-22,398.9200134277344,400.17999267578125,392.75,395.0899963378906,72130300,0.0,0
2022-07-25,395.75,396.4700012207031,393.2099914550781,395.57000732421875,53422800,0.0,0
